txn_id,account_id,card_id,txn_type,amount,currency,direction,merchant_name,merchant_mcc,merchant_id,channel,ip_address,device_id,device_fingerprint,user_agent,country_code,city,latitude,longitude,counterparty_account,counterparty_bank,status,decline_reason,reference_id,initiated_at,settled_at,updated_at
6cf358e2-298a-4a06-9f46-1e954786144f,e1e0a000-0000-4000-8000-000000000002,e1e0a000-0000-4000-8000-000000000003,PURCHASE,43.2100,USD,DR,Amazon Retail,5999,,ONLINE,,DEV-ELENA-IPHONE-13,,,US,Austin,,,,,SETTLED,,HIST-5f5fd81db1,2026-08-23 09:36:48+00:00,2026-08-23 09:36:48+00:00,2026-09-22 07:28:45.501339+00:00
8d8c0309-baae-4a14-8e10-2d244051621b,e1e0a000-0000-4000-8000-000000000002,e1e0a000-0000-4000-8000-000000000003,PURCHASE,43.3700,USD,DR,Shell Station,5541,,POS,,DEV-ELENA-IPHONE-13,,,US,Austin,,,,,SETTLED,,HIST-c91ee10710,2026-08-23 12:17:11+00:00,2026-08-23 12:17:11+00:00,2026-09-22 07:28:45.501339+00:00
037bd3b5-757a-4058-abe9-720558a835dc,e1e0a000-0000-4000-8000-000000000002,e1e0a000-0000-4000-8000-000000000003,PURCHASE,4.5300,USD,DR,Corner Coffee,5812,,POS,,DEV-ELENA-IPHONE-13,,,US,Austin,,,,,SETTLED,,HIST-a4f9ed477c,2026-08-24 09:11:21+00:00,2026-08-24 09:11:21+00:00,2026-09-22 07:28:45.501339+00:00
7c23a364-f42d-41b6-b462-79aedd6721b3,e1e0a000-0000-4000-8000-000000000002,e1e0a000-0000-4000-8000-000000000003,PURCHASE,80.7600,USD,DR,H-E-B Groceries,5411,,POS,,DEV-ELENA-IPHONE-13,,,US,Austin,,,,,SETTLED,,HIST-8cae487e2d,2026-08-24 20:44:36+00:00,2026-08-24 20:44:36+00:00,2026-09-22 07:28:45.501339+00:00
211e6cfd-bb81-4681-ae67-a00c3a419e00,e1e0a000-0000-4000-8000-000000000002,e1e0a000-0000-4000-8000-000000000003,PURCHASE,5.0300,USD,DR,Corner Coffee,5812,,POS,,DEV-ELENA-IPHONE-13,,,US,Austin,,,,,SETTLED,,HIST-1ab4058c40,2026-08-25 09:33:21+00:00,2026-08-25 09:33:21+00:00,2026-09-22 07:28:45.501339+00:00
aaa1558a-ce91-4664-907a-b3af0941e7d0,e1e0a000-0000-4000-8000-000000000002,e1e0a000-0000-4000-8000-000000000003,PURCHASE,5.6600,USD,DR,Corner Coffee,5812,,POS,,DEV-ELENA-IPHONE-13,,,US,Austin,,,,,SETTLED,,HIST-7babd52736,2026-08-26 11:28:05+00:00,2026-08-26 11:28:05+00:00,2026-09-22 07:28:45.501339+00:00
6be34dfe-223f-4377-af1f-8fcf88cee099,e1e0a000-0000-4000-8000-000000000002,e1e0a000-0000-4000-8000-000000000003,PURCHASE,5.4100,USD,DR,Corner Coffee,5812,,POS,,DEV-ELENA-IPHONE-13,,,US,Austin,,,,,SETTLED,,HIST-c3fc5aade4,2026-08-28 10:31:14+00:00,2026-08-28 10:31:14+00:00,2026-09-22 07:28:45.501339+00:00
16dd66c7-d797-4633-9a74-4b618c3152bd,e1e0a000-0000-4000-8000-000000000002,e1e0a000-0000-4000-8000-000000000003,PURCHASE,66.1300,USD,DR,H-E-B Groceries,5411,,POS,,DEV-ELENA-IPHONE-13,,,US,Austin,,,,,SETTLED,,HIST-bee9fef531,2026-08-28 15:55:26+00:00,2026-08-28 15:55:26+00:00,2026-09-22 07:28:45.501339+00:00
9b1627b4-aca2-480b-8b5c-645d1069ae5a,e1e0a000-0000-4000-8000-000000000002,e1e0a000-0000-4000-8000-000000000003,PURCHASE,64.8700,USD,DR,H-E-B Groceries,5411,,POS,,DEV-ELENA-IPHONE-13,,,US,Austin,,,,,SETTLED,,HIST-17bdf2bba1,2026-08-29 18:01:47+00:00,2026-08-29 18:01:47+00:00,2026-09-22 07:28:45.501339+00:00
6654cfd3-6c4f-4769-b641-a4a0c1831c5d,e1e0a000-0000-4000-8000-000000000002,e1e0a000-0000-4000-8000-000000000003,PURCHASE,5.0000,USD,DR,Corner Coffee,5812,,POS,,DEV-ELENA-IPHONE-13,,,US,Austin,,,,,SETTLED,,HIST-3063180c1a,2026-08-29 19:03:34+00:00,2026-08-29 19:03:34+00:00,2026-09-22 07:28:45.501339+00:00
8d1434f2-2986-4c09-9a92-37c449084e94,e1e0a000-0000-4000-8000-000000000002,e1e0a000-0000-4000-8000-000000000003,PURCHASE,6.3200,USD,DR,Corner Coffee,5812,,POS,,DEV-ELENA-IPHONE-13,,,US,Austin,,,,,SETTLED,,HIST-280b46b87c,2026-08-30 14:13:59+00:00,2026-08-30 14:13:59+00:00,2026-09-22 07:28:45.501339+00:00
4b5d8b08-0528-417e-893f-58a100e7c40f,e1e0a000-0000-4000-8000-000000000002,e1e0a000-0000-4000-8000-000000000003,PURCHASE,30.6000,USD,DR,Torchy's Tacos,5812,,POS,,DEV-ELENA-IPHONE-13,,,US,Austin,,,,,SETTLED,,HIST-c76e5ae20e,2026-08-31 16:14:29+00:00,2026-08-31 16:14:29+00:00,2026-09-22 07:28:45.501339+00:00
f6ce1abc-067b-4d7e-b401-baf6db592960,e1e0a000-0000-4000-8000-000000000002,e1e0a000-0000-4000-8000-000000000003,PURCHASE,17.0300,USD,DR,Walgreens,5912,,POS,,DEV-ELENA-IPHONE-13,,,US,Austin,,,,,SETTLED,,HIST-d060e12371,2026-09-01 12:51:09+00:00,2026-09-01 12:51:09+00:00,2026-09-22 07:28:45.501339+00:00
9b1e7926-bd53-437a-a808-da3da674ee80,e1e0a000-0000-4000-8000-000000000002,e1e0a000-0000-4000-8000-000000000003,PURCHASE,6.0000,USD,DR,Corner Coffee,5812,,POS,,DEV-ELENA-IPHONE-13,,,US,Austin,,,,,SETTLED,,HIST-4db9aed7d9,2026-09-01 20:01:01+00:00,2026-09-01 20:01:01+00:00,2026-09-22 07:28:45.501339+00:00
f5884144-ce87-4ffe-bb42-89d74dd1dc40,e1e0a000-0000-4000-8000-000000000002,e1e0a000-0000-4000-8000-000000000003,PURCHASE,4.7300,USD,DR,Corner Coffee,5812,,POS,,DEV-ELENA-IPHONE-13,,,US,Austin,,,,,SETTLED,,HIST-0aacc2465a,2026-09-02 14:57:59+00:00,2026-09-02 14:57:59+00:00,2026-09-22 07:28:45.501339+00:00
718d82fb-ee17-4386-bee3-2c4a12f086b2,e1e0a000-0000-4000-8000-000000000002,e1e0a000-0000-4000-8000-000000000003,PURCHASE,78.9500,USD,DR,H-E-B Groceries,5411,,POS,,DEV-ELENA-IPHONE-13,,,US,Austin,,,,,SETTLED,,HIST-92cf1ae42b,2026-09-03 09:04:36+00:00,2026-09-03 09:04:36+00:00,2026-09-22 07:28:45.501339+00:00
95fa0e08-8a51-4dcb-a0cd-10b9304e75c6,e1e0a000-0000-4000-8000-000000000002,e1e0a000-0000-4000-8000-000000000003,PURCHASE,5.9400,USD,DR,Corner Coffee,5812,,POS,,DEV-ELENA-IPHONE-13,,,US,Austin,,,,,SETTLED,,HIST-3987a44817,2026-09-03 17:43:37+00:00,2026-09-03 17:43:37+00:00,2026-09-22 07:28:45.501339+00:00
1ee557d0-be4f-4b20-ae11-6c3da0becfca,e1e0a000-0000-4000-8000-000000000002,e1e0a000-0000-4000-8000-000000000003,PURCHASE,37.4800,USD,DR,Torchy's Tacos,5812,,POS,,DEV-ELENA-IPHONE-13,,,US,Austin,,,,,SETTLED,,HIST-271c09f8c1,2026-09-03 20:11:17+00:00,2026-09-03 20:11:17+00:00,2026-09-22 07:28:45.501339+00:00
54c7190c-e9ec-4771-8d4f-036b4d9af0ab,e1e0a000-0000-4000-8000-000000000002,e1e0a000-0000-4000-8000-000000000003,PURCHASE,89.3000,USD,DR,H-E-B Groceries,5411,,POS,,DEV-ELENA-IPHONE-13,,,US,Austin,,,,,SETTLED,,HIST-02d60348b5,2026-09-04 16:28:25+00:00,2026-09-04 16:28:25+00:00,2026-09-22 07:28:45.501339+00:00
44c87b3e-afc7-499a-b8fe-708b30c78c40,e1e0a000-0000-4000-8000-000000000002,e1e0a000-0000-4000-8000-000000000003,PURCHASE,45.4700,USD,DR,Shell Station,5541,,POS,,DEV-ELENA-IPHONE-13,,,US,Austin,,,,,SETTLED,,HIST-f855550cc5,2026-09-04 20:07:52+00:00,2026-09-04 20:07:52+00:00,2026-09-22 07:28:45.501339+00:00
4803bcf3-d32c-400b-ae5a-29e0dac8fe9a,e1e0a000-0000-4000-8000-000000000002,e1e0a000-0000-4000-8000-000000000003,PURCHASE,4.3600,USD,DR,Corner Coffee,5812,,POS,,DEV-ELENA-IPHONE-13,,,US,Austin,,,,,SETTLED,,HIST-69cd24955e,2026-09-05 11:57:24+00:00,2026-09-05 11:57:24+00:00,2026-09-22 07:28:45.501339+00:00
490ec1c1-380e-4524-b70c-99154db534c5,e1e0a000-0000-4000-8000-000000000002,e1e0a000-0000-4000-8000-000000000003,PURCHASE,14.8500,USD,DR,Walgreens,5912,,POS,,DEV-ELENA-IPHONE-13,,,US,Austin,,,,,SETTLED,,HIST-22cdec7b6c,2026-09-06 13:43:14+00:00,2026-09-06 13:43:14+00:00,2026-09-22 07:28:45.501339+00:00
9e376c35-1969-47f9-846e-ea32667c8172,e1e0a000-0000-4000-8000-000000000002,e1e0a000-0000-4000-8000-000000000003,PURCHASE,91.2700,USD,DR,H-E-B Groceries,5411,,POS,,DEV-ELENA-IPHONE-13,,,US,Austin,,,,,SETTLED,,HIST-be41dd85e2,2026-09-06 14:02:21+00:00,2026-09-06 14:02:21+00:00,2026-09-22 07:28:45.501339+00:00
1ad67958-3613-4a3e-bbae-5288006eae2c,e1e0a000-0000-4000-8000-000000000002,e1e0a000-0000-4000-8000-000000000003,PURCHASE,5.1200,USD,DR,Corner Coffee,5812,,POS,,DEV-ELENA-IPHONE-13,,,US,Austin,,,,,SETTLED,,HIST-486a0802dd,2026-09-07 08:18:33+00:00,2026-09-07 08:18:33+00:00,2026-09-22 07:28:45.501339+00:00
bb9c1da7-0d55-4e15-8a2e-38570e054770,e1e0a000-0000-4000-8000-000000000002,e1e0a000-0000-4000-8000-000000000003,PURCHASE,34.5000,USD,DR,Amazon Retail,5999,,ONLINE,,DEV-ELENA-IPHONE-13,,,US,Austin,,,,,SETTLED,,HIST-359564ab66,2026-09-08 08:08:41+00:00,2026-09-08 08:08:41+00:00,2026-09-22 07:28:45.501339+00:00
18b18375-c07b-4404-89a3-f0f4654e5ce3,e1e0a000-0000-4000-8000-000000000002,e1e0a000-0000-4000-8000-000000000003,PURCHASE,17.1100,USD,DR,Walgreens,5912,,POS,,DEV-ELENA-IPHONE-13,,,US,Austin,,,,,SETTLED,,HIST-4e0f4f84c2,2026-09-08 16:56:00+00:00,2026-09-08 16:56:00+00:00,2026-09-22 07:28:45.501339+00:00
04ae2389-4c90-4dd3-a216-f6e6bc449506,e1e0a000-0000-4000-8000-000000000002,e1e0a000-0000-4000-8000-000000000003,PURCHASE,38.2400,USD,DR,Shell Station,5541,,POS,,DEV-ELENA-IPHONE-13,,,US,Austin,,,,,SETTLED,,HIST-d0bb89ab6c,2026-09-08 20:05:29+00:00,2026-09-08 20:05:29+00:00,2026-09-22 07:28:45.501339+00:00
19da4f93-7b04-42fe-b14d-0ece5d45c3f5,e1e0a000-0000-4000-8000-000000000002,e1e0a000-0000-4000-8000-000000000003,PURCHASE,5.6600,USD,DR,Corner Coffee,5812,,POS,,DEV-ELENA-IPHONE-13,,,US,Austin,,,,,SETTLED,,HIST-3ba4c19ec6,2026-09-09 16:31:01+00:00,2026-09-09 16:31:01+00:00,2026-09-22 07:28:45.501339+00:00
4c2aebeb-4e7d-4637-ac34-4b6f0bba6fe4,e1e0a000-0000-4000-8000-000000000002,e1e0a000-0000-4000-8000-000000000003,PURCHASE,54.3900,USD,DR,Shell Station,5541,,POS,,DEV-ELENA-IPHONE-13,,,US,Austin,,,,,SETTLED,,HIST-d607f69f40,2026-09-10 14:12:19+00:00,2026-09-10 14:12:19+00:00,2026-09-22 07:28:45.501339+00:00
7ae7a2e3-2533-4a4b-b726-c0964209ffc4,e1e0a000-0000-4000-8000-000000000002,e1e0a000-0000-4000-8000-000000000003,PURCHASE,4.3500,USD,DR,Corner Coffee,5812,,POS,,DEV-ELENA-IPHONE-13,,,US,Austin,,,,,SETTLED,,HIST-6ab041c935,2026-09-10 14:43:32+00:00,2026-09-10 14:43:32+00:00,2026-09-22 07:28:45.501339+00:00
ed67ec93-56e5-49df-8b21-f0a874671dca,e1e0a000-0000-4000-8000-000000000002,e1e0a000-0000-4000-8000-000000000003,PURCHASE,5.5100,USD,DR,Corner Coffee,5812,,POS,,DEV-ELENA-IPHONE-13,,,US,Austin,,,,,SETTLED,,HIST-3ee8102574,2026-09-11 10:17:27+00:00,2026-09-11 10:17:27+00:00,2026-09-22 07:28:45.501339+00:00
12b9fa30-72e6-4d6c-90c2-96195da9abbf,e1e0a000-0000-4000-8000-000000000002,e1e0a000-0000-4000-8000-000000000003,PURCHASE,11.3700,USD,DR,Walgreens,5912,,POS,,DEV-ELENA-IPHONE-13,,,US,Austin,,,,,SETTLED,,HIST-5c01af594e,2026-09-11 11:17:15+00:00,2026-09-11 11:17:15+00:00,2026-09-22 07:28:45.501339+00:00
bff1addb-d339-4674-ae93-fa3e55d20a3a,e1e0a000-0000-4000-8000-000000000002,e1e0a000-0000-4000-8000-000000000003,PURCHASE,5.3600,USD,DR,Corner Coffee,5812,,POS,,DEV-ELENA-IPHONE-13,,,US,Austin,,,,,SETTLED,,HIST-9b14e233f3,2026-09-12 12:31:23+00:00,2026-09-12 12:31:23+00:00,2026-09-22 07:28:45.501339+00:00
ef8bb192-ed03-4244-97de-035b8f77faab,e1e0a000-0000-4000-8000-000000000002,e1e0a000-0000-4000-8000-000000000003,PURCHASE,5.6700,USD,DR,Corner Coffee,5812,,POS,,DEV-ELENA-IPHONE-13,,,US,Austin,,,,,SETTLED,,HIST-1beac05f49,2026-09-13 11:28:01+00:00,2026-09-13 11:28:01+00:00,2026-09-22 07:28:45.501339+00:00
20168c6e-a65a-4694-890c-4cddea3aebae,e1e0a000-0000-4000-8000-000000000002,e1e0a000-0000-4000-8000-000000000003,PURCHASE,14.3100,USD,DR,Walgreens,5912,,POS,,DEV-ELENA-IPHONE-13,,,US,Austin,,,,,SETTLED,,HIST-d71f15ac5d,2026-09-13 11:33:18+00:00,2026-09-13 11:33:18+00:00,2026-09-22 07:28:45.501339+00:00
31d132a3-dde3-4152-88b5-43499ee7d9df,e1e0a000-0000-4000-8000-000000000002,e1e0a000-0000-4000-8000-000000000003,PURCHASE,25.0600,USD,DR,Torchy's Tacos,5812,,POS,,DEV-ELENA-IPHONE-13,,,US,Austin,,,,,SETTLED,,HIST-492af32e96,2026-09-13 15:08:36+00:00,2026-09-13 15:08:36+00:00,2026-09-22 07:28:45.501339+00:00
03ca68ff-d8e1-4e32-8090-fc713a47345b,e1e0a000-0000-4000-8000-000000000002,e1e0a000-0000-4000-8000-000000000003,PURCHASE,48.1500,USD,DR,Shell Station,5541,,POS,,DEV-ELENA-IPHONE-13,,,US,Austin,,,,,SETTLED,,HIST-dd5640f926,2026-09-13 20:47:24+00:00,2026-09-13 20:47:24+00:00,2026-09-22 07:28:45.501339+00:00
9e4fa94e-0eec-44c6-941d-bcd60c96e85a,e1e0a000-0000-4000-8000-000000000002,e1e0a000-0000-4000-8000-000000000003,PURCHASE,6.0000,USD,DR,Corner Coffee,5812,,POS,,DEV-ELENA-IPHONE-13,,,US,Austin,,,,,SETTLED,,HIST-cab12af8fc,2026-09-14 08:33:57+00:00,2026-09-14 08:33:57+00:00,2026-09-22 07:28:45.501339+00:00
e11b3ec2-5baa-4796-ae3a-6b4deb2a866e,e1e0a000-0000-4000-8000-000000000002,e1e0a000-0000-4000-8000-000000000003,PURCHASE,16.9500,USD,DR,Walgreens,5912,,POS,,DEV-ELENA-IPHONE-13,,,US,Austin,,,,,SETTLED,,HIST-c0de82cc90,2026-09-14 10:55:35+00:00,2026-09-14 10:55:35+00:00,2026-09-22 07:28:45.501339+00:00
acf326d7-b9eb-46a4-8117-851399756dec,e1e0a000-0000-4000-8000-000000000002,e1e0a000-0000-4000-8000-000000000003,PURCHASE,6.3900,USD,DR,Corner Coffee,5812,,POS,,DEV-ELENA-IPHONE-13,,,US,Austin,,,,,SETTLED,,HIST-0377e66486,2026-09-15 13:19:41+00:00,2026-09-15 13:19:41+00:00,2026-09-22 07:28:45.501339+00:00
3d3e46af-823a-4e15-9179-38947142c4f7,e1e0a000-0000-4000-8000-000000000002,e1e0a000-0000-4000-8000-000000000003,PURCHASE,52.7400,USD,DR,H-E-B Groceries,5411,,POS,,DEV-ELENA-IPHONE-13,,,US,Austin,,,,,SETTLED,,HIST-9a1d9bdd51,2026-09-15 20:06:58+00:00,2026-09-15 20:06:58+00:00,2026-09-22 07:28:45.501339+00:00
66bd8e43-7237-4c80-b44d-27755f9a6ccd,e1e0a000-0000-4000-8000-000000000002,e1e0a000-0000-4000-8000-000000000003,PURCHASE,29.1300,USD,DR,Amazon Retail,5999,,ONLINE,,DEV-ELENA-IPHONE-13,,,US,Austin,,,,,SETTLED,,HIST-d6ccb67352,2026-09-16 07:28:05+00:00,2026-09-16 07:28:05+00:00,2026-09-22 07:28:45.501339+00:00
25b9c476-33a8-48dc-b3f2-dfbcbcfb0f03,e1e0a000-0000-4000-8000-000000000002,e1e0a000-0000-4000-8000-000000000003,PURCHASE,5.1500,USD,DR,Corner Coffee,5812,,POS,,DEV-ELENA-IPHONE-13,,,US,Austin,,,,,SETTLED,,HIST-52a2c7967f,2026-09-16 07:37:16+00:00,2026-09-16 07:37:16+00:00,2026-09-22 07:28:45.501339+00:00
01aa148c-fddd-4e49-98a8-63fc241ed955,e1e0a000-0000-4000-8000-000000000002,e1e0a000-0000-4000-8000-000000000003,PURCHASE,65.8700,USD,DR,H-E-B Groceries,5411,,POS,,DEV-ELENA-IPHONE-13,,,US,Austin,,,,,SETTLED,,HIST-7699847427,2026-09-16 18:11:21+00:00,2026-09-16 18:11:21+00:00,2026-09-22 07:28:45.501339+00:00
6ea39f10-1383-4a7c-bdd6-a1e2f82efc44,e1e0a000-0000-4000-8000-000000000002,e1e0a000-0000-4000-8000-000000000003,PURCHASE,60.7200,USD,DR,H-E-B Groceries,5411,,POS,,DEV-ELENA-IPHONE-13,,,US,Austin,,,,,SETTLED,,HIST-3a73518726,2026-09-17 12:35:57+00:00,2026-09-17 12:35:57+00:00,2026-09-22 07:28:45.501339+00:00
0e84410d-5c87-4c58-8d3f-ea60a45cba73,e1e0a000-0000-4000-8000-000000000002,e1e0a000-0000-4000-8000-000000000003,PURCHASE,76.1300,USD,DR,H-E-B Groceries,5411,,POS,,DEV-ELENA-IPHONE-13,,,US,Austin,,,,,SETTLED,,HIST-b23c4305c2,2026-09-18 19:14:29+00:00,2026-09-18 19:14:29+00:00,2026-09-22 07:28:45.501339+00:00
18761362-1492-429b-833c-612d8d1da902,e1e0a000-0000-4000-8000-000000000002,e1e0a000-0000-4000-8000-000000000003,PURCHASE,41.1200,USD,DR,Torchy's Tacos,5812,,POS,,DEV-ELENA-IPHONE-13,,,US,Austin,,,,,SETTLED,,HIST-6baf5f8df2,2026-09-18 20:08:19+00:00,2026-09-18 20:08:19+00:00,2026-09-22 07:28:45.501339+00:00
a578d90e-9038-47cf-9e5b-31ca6da04ded,e1e0a000-0000-4000-8000-000000000002,e1e0a000-0000-4000-8000-000000000003,PURCHASE,32.5900,USD,DR,Amazon Retail,5999,,ONLINE,,DEV-ELENA-IPHONE-13,,,US,Austin,,,,,SETTLED,,HIST-dec45c3860,2026-09-19 20:05:41+00:00,2026-09-19 20:05:41+00:00,2026-09-22 07:28:45.501339+00:00
ed58efe7-f967-4155-8146-902b9f9a4ec8,e1e0a000-0000-4000-8000-000000000002,e1e0a000-0000-4000-8000-000000000003,PURCHASE,23.9000,USD,DR,Amazon Retail,5999,,ONLINE,,DEV-ELENA-IPHONE-13,,,US,Austin,,,,,SETTLED,,HIST-d0b0c9cf88,2026-09-21 19:31:52+00:00,2026-09-21 19:31:52+00:00,2026-09-22 07:28:45.501339+00:00
